epoch,time,train/box_loss,train/cls_loss,train/dfl_loss,metrics/precision(B),metrics/recall(B),metrics/mAP50(B),metrics/mAP50-95(B),val/box_loss,val/cls_loss,val/dfl_loss,lr/pg0,lr/pg1,lr/pg2
1,3.96062,2.65495,5.49514,1.749,0.00048,0.14286,0.00012,2e-05,2.83818,5.48237,1.88244,0,0,0
2,7.98919,3.08576,5.30022,1.8896,0.00048,0.14286,0.00013,3e-05,2.81967,5.45483,1.85739,1.9604e-05,1.9604e-05,1.9604e-05
3,12.0471,2.76151,5.27167,1.81864,0.00048,0.14286,0.00014,4e-05,2.73682,5.33,1.77899,3.8416e-05,3.8416e-05,3.8416e-05
4,16.0064,2.52038,5.22172,1.69772,0.00048,0.14286,0.00013,5e-05,2.49979,5.11911,1.62963,5.6436e-05,5.6436e-05,5.6436e-05
